"songID","songName","gameID_id","length","videoURL","imageURL"
"2","I. Dogma","1","45000000","https://www.youtube.com/watch?v=7o9W-7JHs_w",""
"3","Rip & Tear","1","258000000","https://www.youtube.com/watch?v=vyA1z2A-lhU",""
"4","Rust Dust & Guts","1","461000000","https://www.youtube.com/watch?v=pZB9cxJoLgk",""
"5","II. DEMIGOD","1","50000000","https://www.youtube.com/watch?v=L27BrUg4lG8",""
"6","Hellwalker (Sign of Evil)","1","307000000","https://www.youtube.com/watch?v=CjbANqQqxcA",""
"7","Authorization; Olivia Pierce","1","143000000","https://www.youtube.com/watch?v=tsryWtOZ010",""
"8","Flesh & Metal","1","422000000","https://www.youtube.com/watch?v=IyKEijqG82g",""
"9","Impure Spectrum","1","105000000","https://www.youtube.com/watch?v=TsDAY7YcCys",""
"10","Ties Than Bind","1","127000000","https://www.youtube.com/watch?v=VOV2Dh2W8_c",""
"11","BFG Division","1","510000000","https://www.youtube.com/watch?v=EHM2OIcG8Ok",""
"12","Residual","1","83000000","https://www.youtube.com/watch?v=nD5ssUt73LY",""
"13","Argent Energy","1","184000000","https://www.youtube.com/watch?v=LaQrORUWec0",""
"14","Harbinger","1","435000000","https://www.youtube.com/watch?v=xzlz2oUJlAs",""
"15","Biowaves","1","137000000","https://www.youtube.com/watch?v=VYHIpx8RVmk",""
"16","Transistor Fist","1","371000000","https://www.youtube.com/watch?v=fDs3wd9inQk",""
"17","Dr. Samuel Hayden","1","249000000","https://www.youtube.com/watch?v=YtxO7eSmYQU",""
"18","Cyberdemon","1","381000000","https://www.youtube.com/watch?v=aFmIS-4GTwo",""
"19","Incantation","1","215000000","https://www.youtube.com/watch?v=A-1DLeuxC0M",""
"20","III. DAKHMA","1","138000000","https://www.youtube.com/watch?v=-fVynlsxkeg",""
"21","Damnation","1","401000000","https://www.youtube.com/watch?v=_3VHzhVaIts",""
"22","The Stench","1","173000000","https://www.youtube.com/watch?v=GX47QeNeZjQ",""
"23","UAC Report File; SHTO36U3","1","187000000","https://www.youtube.com/watch?v=udCvNyopFRI",""
"24","Death & Exhale","1","229000000","https://www.youtube.com/watch?v=A02t5hx1sHM",""
"25","SkullHacker","1","437000000","https://www.youtube.com/watch?v=wKSVH5gd3oQ",""
"26","Lazarus Waves","1","220000000","https://www.youtube.com/watch?v=OvWttQpM_Qw",""
"27","VEGA Core","1","484000000","https://www.youtube.com/watch?v=kmiBBUmQZ_M",""
"28","6 idkill.vega.cih","1","98000000","https://www.youtube.com/watch?v=L45m1ovty5s",""
"29","MasterMind","1","400000000","https://www.youtube.com/watch?v=KSd5XjjFSec",""
"30","IV. DOOM","1","108000000","https://www.youtube.com/watch?v=NA79vPFy6g4",""
"31","Cat Food","2","206000000","https://www.youtube.com/watch?v=QoTDUtVkS6c",""
"32","Secret Police Himitsu Keisatsu","2","180000000","https://www.youtube.com/watch?v=oTDQsCOOnm4",""
"33","Melancholic","2","220000000","https://www.youtube.com/watch?v=7vtShiAojvw",""
"34","Weekender Girl","2","213000000","https://www.youtube.com/watch?v=6yZ96Bi17j4",""
"35","Time Machine","2","188000000","https://www.youtube.com/watch?v=nKQu5psiZ04",""
"36","DYE","2","211000000","https://www.youtube.com/watch?v=w5N_9e5Z-iM",""
"37","Fire Flower","2","188000000","https://www.youtube.com/watch?v=d0sH3Uvi8RE",""
"38","Summer Idol","2","159000000","https://www.youtube.com/watch?v=ajK-SVznAq8",""
"39","ACUTE","2","215000000","https://www.youtube.com/watch?v=D-ddU0K6qfQ",""
"40","Left Behind City Urbandonment","2","205000000","https://www.youtube.com/watch?v=VRlz-bN-f8s",""
"41","What Do You Mean !","2","186000000","https://www.youtube.com/watch?v=Q3xoG4E_0BE",""
"42","Stay With Me","2","216000000","https://www.youtube.com/watch?v=RXdrYVAk1Ls",""
"43","Hm Ah yes","2","146000000","https://www.youtube.com/watch?v=tNZiY8_zYFg",""
"44","Remote Controller","2","209000000","https://www.youtube.com/watch?v=2iSIk5bS6ng",""
"45","Ashes To Ashes","2","210000000","https://www.youtube.com/watch?v=nx9Q4F5qWJ0",""
"46","Freely Tomorrow","2","240000000","https://www.youtube.com/watch?v=Stgq76mnOIg",""
"47","Monochrome Blue Sky","2","200000000","https://www.youtube.com/watch?v=dEViMK6LeKU",""
"48","Megane Glasses","2","173000000","https://www.youtube.com/watch?v=JbijBJ-EKhs",""
"49","Kagamine HachiHachi Flower Fight","2","154000000","https://www.youtube.com/watch?v=Y7-hpEASoFo",""
"50","Nostalogic","2","182000000","https://www.youtube.com/watch?v=M87A3T2WsSY",""
"51","Nyanyanyanyanyan","2","183000000","https://www.youtube.com/watch?v=-wPTdzcZR3w",""
"52","Unhappy Refrain","2","227000000","https://www.youtube.com/watch?v=a2kqCMsnNCM",""
"53","ODDSENDS","2","334000000","https://www.youtube.com/watch?v=Ww9RRXtNIdQ",""
"54","Divine Comedy God Tier Tune","2","197000000","https://www.youtube.com/watch?v=rx8palshRTk",""
"55","Black Rock Shooter","2","205000000","https://www.youtube.com/watch?v=rMjEcR9fTOw",""
"56","Negapos Continues","2","135000000","https://www.youtube.com/watch?v=2-OQcBWsC9o",""
"57","Sadistic Music Factory","2","160000000","https://www.youtube.com/watch?v=qYjBCgryXA4",""
"58","Continuing Dreams","2","228000000","https://www.youtube.com/watch?v=XH4_WHyXCnA",""
"59","Tell Your World","2","183000000","https://www.youtube.com/watch?v=4dyEnOVGZZs",""
"60","Tokyo Teddy Bear","2","193000000","https://www.youtube.com/watch?v=kRNLcmae2gg",""
"61","Dream Eating Monochrome Baku","2","215000000","https://www.youtube.com/watch?v=w4STmOtENGg",""
"62","Sweet Devil","2","235000000","https://www.youtube.com/watch?v=LKHOqSR_tC0",""
"63","Rin Chan Now!","2","169000000","https://www.youtube.com/watch?v=2guHgTBFf3k",""
"64","Thousand Cherry Blossoms","2","217000000","https://www.youtube.com/watch?v=tyJIYM2EqdM",""
"65","World is Mine  Giving Day Edition","2","173000000","https://www.youtube.com/watch?v=Peo-1MpsDHw",""
"66","Miracle Paint","2","145000000","https://www.youtube.com/watch?v=8YiPeTNLHWg",""
"67","Levan Polkka","2","246000000","https://www.youtube.com/watch?v=g8jCxWgyYiw",""
"68","A New Era","26","117000000","https://www.youtube.com/watch?v=ghfrwHnamxg",""
"69","Midtown","26","118000000","https://www.youtube.com/watch?v=32U6dtqsYx8",""
"70","Zero Hour","26","455000000","https://www.youtube.com/watch?v=1uXkvNaSPY0",""
"71","Kiriko Origin","26","177000000","https://www.youtube.com/watch?v=yJO_VUCrV6s",""
"72","Answering The Call","26","163000000","https://www.youtube.com/watch?v=PhKaakJg3to",""
"73","Esperança","26","126000000","https://www.youtube.com/watch?v=ews4q81RBEY",""
"74","Kiriko","26","487000000","https://www.youtube.com/watch?v=BBUIOiuq0Qo",""
"75","We Press On","26","181000000","https://www.youtube.com/watch?v=dnzqNrisN-s",""
"76","Antarctic Peninsula","26","155000000","https://www.youtube.com/watch?v=yOMKbN5QsHo",""
"77","Colosseo","26","85000000","https://www.youtube.com/watch?v=VFeIZDOc2pA",""
"78","Lifeweaver Origin","26","132000000","https://www.youtube.com/watch?v=2wBVZy7SorY",""
"79","Circuit Royal","26","117000000","https://www.youtube.com/watch?v=Y2mEsUdPAsI",""
"80","Null Sector","26","203000000","https://www.youtube.com/watch?v=Iks8UZcsHks",""
"81","Junker Queen Origin","26","84000000","https://www.youtube.com/watch?v=0hOLGkFCMus",""
"82","Loverwatch","26","170000000","https://www.youtube.com/watch?v=m8ZerWCpCW8",""
"83","Shambali Monastery","26","151000000","https://www.youtube.com/watch?v=neP5r9C1RmA",""
"84","New Blood","26","183000000","https://www.youtube.com/watch?v=hTcVKeruCKg",""
"85","Cyber Demon Genji","26","145000000","https://www.youtube.com/watch?v=fsfLcwOp_GY",""
"86","Paraíso","26","166000000","https://www.youtube.com/watch?v=rApq_QVb1Ic",""
"87","New Queen Street","26","108000000","https://www.youtube.com/watch?v=FAIc189Tn1U",""
"88","Starwatch","26","91000000","https://www.youtube.com/watch?v=KgpcyiBxwTA",""
"89","Ramattra Origin","26","93000000","https://www.youtube.com/watch?v=JJ7P2pLtQ2U",""
"90","Wrath of the Bride","26","111000000","https://www.youtube.com/watch?v=qRcdJAXxRRw",""
"91","The Wastelander","26","438000000","https://www.youtube.com/watch?v=X-x9kl2RUgA",""
"92","Sojourn Origin","26","97000000","https://www.youtube.com/watch?v=ZiCM3FvQ3U0",""
"93","Flow (Bonus Track)","26","197000000","https://www.youtube.com/watch?v=aepelmjrA24",""
